{"name":"706371d4-aa1b-4947-b67d-497dba9e3517","id":"/providers/Microsoft.Flow/flows/706371d4-aa1b-4947-b67d-497dba9e3517","type":"Microsoft.Flow/flows","properties":{"apiId":"/providers/Microsoft.PowerApps/apis/shared_logicflows","displayName":"TaylorSwift.flight","definition":{"metadata":{"workflowEntityId":null,"processAdvisorMetadata":null,"flowChargedByPaygo":null,"flowclientsuspensionreason":"None","flowclientsuspensiontime":null,"flowclientsuspensionreasondetails":null,"creator":{"id":"d7d52c78-a993-4572-ba6d-5c641e6974a1","type":"User","tenantId":"72f988bf-86f1-41af-91ab-2d7cd011db47"},"provisioningMethod":"FromDefinition","failureAlertSubscription":true,"clientLastModifiedTime":"2024-03-29T21:43:41.3652756Z","connectionKeySavedTimeKey":"2024-03-29T21:43:41.3652756Z"},"$schema":"https://schema.management.azure.com/providers/Microsoft.Logic/schemas/2016-06-01/workflowdefinition.json#","contentVersion":"undefined","parameters":{"$authentication":{"defaultValue":{},"type":"SecureObject"}},"triggers":{"Recurrence":{"recurrence":{"frequency":"Month","interval":1,"startTime":"2024-03-31T17:00:00.000Z"},"metadata":{"operationMetadataId":"d318b7bd-770a-4a3f-a345-c979aa91e863"},"type":"Recurrence"}},"actions":{"Compose":{"runAfter":{},"metadata":{"operationMetadataId":"2cf0cc65-baca-4ee0-a981-833a393402de"},"type":"Compose","inputs":{"ScanUtcTime":"@utcNow()","FlightInfo":{"FlightNumber":"642","AirlineName":"Lufthansa","AirlineType":"International","AircraftName":"Boeing777-300ER","OriginCode":"SEA","DestinationCode":"SJC"},"BoardingPassID":"321054476","Name":"Taylor.Swift","FrequentFlyerYN":"Y"}}}},"connectionReferences":{},"flowFailureAlertSubscribed":false,"isManaged":false}}