{"name":"706371d4-aa1b-4947-b67d-497dba9e3517","id":"/providers/Microsoft.Flow/flows/706371d4-aa1b-4947-b67d-497dba9e3517","type":"Microsoft.Flow/flows","properties":{"apiId":"/providers/Microsoft.PowerApps/apis/shared_logicflows","displayName":"TaylorSwift.flight","definition":{"metadata":{"workflowEntityId":null,"processAdvisorMetadata":null,"flowChargedByPaygo":null,"flowclientsuspensionreason":"None","flowclientsuspensiontime":null,"flowclientsuspensionreasondetails":null,"creator":{"id":"d7d52c78-a993-4572-ba6d-5c641e6974a1","type":"User","tenantId":"72f988bf-86f1-41af-91ab-2d7cd011db47"},"provisioningMethod":"FromDefinition","failureAlertSubscription":true,"clientLastModifiedTime":"2024-03-29T20:30:41.2514669Z","connectionKeySavedTimeKey":"2024-03-29T20:30:41.2514669Z"},"$schema":"https://schema.management.azure.com/providers/Microsoft.Logic/schemas/2016-06-01/workflowdefinition.json#","contentVersion":"undefined","parameters":{"$authentication":{"defaultValue":{},"type":"SecureObject"},"$connections":{"defaultValue":{},"type":"Object"}},"triggers":{"Recurrence":{"recurrence":{"frequency":"Month","interval":"1","startTime":"2024-03-31T17:00:00.000Z"},"type":"Recurrence"}},"actions":{"Compose":{"runAfter":{},"type":"Compose","inputs":"[{\n    \"ScanUtcTime\": @{utcNow()},\n    \"FlightInfo\": {\n        \"FlightNumber\": 642,\n        \"AirlineName\": Lufthansa,\n        \"AirlineType\": International,\n        \"AircraftName\": Boeing777-300ER,\n        \"OriginCode\": SEA,\n        \"DestinationCode\": SJC\n       },\n    \"BoardingPassID\": 321054476,\n    \"Name\": Taylor.Swift,\n    \"FrequentFlyerYN\": Y\n}]"}}},"connectionReferences":{},"flowFailureAlertSubscribed":false,"isManaged":false}}