{"name":"f6f6f26f-4a4c-4bb6-98b1-bf6037455733","id":"/providers/Microsoft.Flow/flows/f6f6f26f-4a4c-4bb6-98b1-bf6037455733","type":"Microsoft.Flow/flows","properties":{"apiId":"/providers/Microsoft.PowerApps/apis/shared_logicflows","displayName":"flightinfo","definition":{"metadata":{"workflowEntityId":null,"processAdvisorMetadata":null,"flowChargedByPaygo":null,"flowclientsuspensionreason":"None","flowclientsuspensiontime":null,"flowclientsuspensionreasondetails":null,"creator":{"id":"d7d52c78-a993-4572-ba6d-5c641e6974a1","type":"User","tenantId":"72f988bf-86f1-41af-91ab-2d7cd011db47"},"provisioningMethod":"FromDefinition","failureAlertSubscription":true,"clientLastModifiedTime":"2024-03-29T19:19:02.2671614Z","connectionKeySavedTimeKey":"2024-03-29T19:19:02.2671614Z"},"$schema":"https://schema.management.azure.com/providers/Microsoft.Logic/schemas/2016-06-01/workflowdefinition.json#","contentVersion":"undefined","parameters":{"$authentication":{"defaultValue":{},"type":"SecureObject"}},"triggers":{"Recurrence":{"recurrence":{"frequency":"Minute","interval":1,"timeZone":"Pacific Standard Time","startTime":"2024-03-30T17:00:00.000Z"},"metadata":{"operationMetadataId":"e219aed7-c4ac-4358-9c87-0ad535273960"},"type":"Recurrence"}},"actions":{"Initialize_variable":{"runAfter":{},"metadata":{"operationMetadataId":"8c883fe8-a745-4379-a377-ee1fb265d731"},"type":"InitializeVariable","inputs":{"variables":[{"name":"AirlineNameArr","type":"array","value":["AirCanada","AirCanadaExpress","AirChina","AirFrance","AllNipponAirways","BritishAirways","BreezeAirways","CathayPacific","ChinaAirlines","Condor","Emirates","JapanAirlines","KLM","KoreanAir","Lufthansa","Qantas","QatarAirways","ScandinavianAirlines","SingaporeAirlines","SwissInternationalAirLines","VirginAtlantic","WestJet"]}]}},"Initialize_variable_1":{"runAfter":{"Initialize_variable":["Succeeded"]},"metadata":{"operationMetadataId":"679ac10d-f6b0-47fe-855d-4f093dd4eead"},"type":"InitializeVariable","inputs":{"variables":[{"name":"AirlineNameUSArr","type":"array","value":["AlaskaAirlines","AllegiantAir","AveloAirlines","AmericanAirlines","AmericanEagle","DeltaAirLines","DeltaConnection","EasternAirlines","FrontierAirlines","HawaiianAirlines","JetBlue","NewPacificAirlines","SouthwestAirlines","SpiritAirlines","SunCountryAirlines","UnitedAirlines","UnitedExpress"]}]}},"Initialize_variable_2":{"runAfter":{"Initialize_variable_1":["Succeeded"]},"metadata":{"operationMetadataId":"1b0d38f7-e914-4640-a0c4-cd65c4b21564"},"type":"InitializeVariable","inputs":{"variables":[{"name":"AircraftNameArr","type":"array","value":["AirbusA320","AirbusA320(sharklets)","AirbusA321","AirbusA321(sharklets)","AirbusA330-200","AirbusA330-300","AirbusA330-200Freighter","AirbusA330-300Freighter","AirbusA330-700","AirbusA330-800","AirbusA330-900","AirbusA340-200","AirbusA340-300","AirbusA340-500","AirbusA340-600","AirbusA350-900","AirbusA350-1000","Boeing737-200","Boeing737-200Freighter","Boeing737-300","Boeing737-300Winglets","Boeing737-300Freighter","Boeing737-400","Boeing737-400Freighter","Boeing737-500","Boeing737-500Winglets","Boeing737-600","Boeing737-800","Boeing737-900","Boeing737-700","Boeing737-700Winglets","Boeing737-800Winglets","Boeing737-800FreighterWinglets","Boeing737-800Freighter","Boeing737-900Winglets","Boeing747-100","Boeing747-100Freighter","Boeing747-200","Boeing747-200M","Boeing747-200F","Boeing747-300","Boeing747-300M","Boeing747-400","Boeing747-400M","Boeing747-400F","Boeing747-8I","Boeing747-8F","Boeing747SR","Boeing747SRFreighter","Boeing747SP","Boeing757-200","Boeing757F","Boeing757-300","Boeing767-200","Boeing767-200Freighter","Boeing767-300","Boeing767-300Winglets","Boeing767-300Freighter","Boeing767-400ER","Boeing777-200","Boeing777-300","Boeing777-8","Boeing777-9","Boeing777-200Freighter","Boeing777-200LR","Boeing777-300ER"]}]}},"Initialize_variable_3":{"runAfter":{"Initialize_variable_2":["Succeeded"]},"metadata":{"operationMetadataId":"a8b1d7da-44dd-4c8b-ba15-aca5f672d2f5"},"type":"InitializeVariable","inputs":{"variables":[{"name":"FirstNameArr","type":"array","value":["Virginia","Michelle","Virginia","Sophie","Hannah","Robert","Dylan","Lucas","Faith","Ryan","James","Wendy","Amy","Cameron","Hannah","Donna","Adam","Irene","Dorothy","Olivia","Joe","Justin","Sophie","Neil","Megan","Edward","Anna","Dominic","Ruth","Samantha","Adam","Adam","Pippa","Mary","Penelope","Zoe","Max","Sam","Adrian","Christian","Zoe","Jennifer","Michael","Virginia","Olivia","Boris","Jonathan","Peter","Simon","Amy","Jessica","Isaac","Charles","Chloe","Trevor","Brandon","Bernadette","Madeleine","Heather","Faith","Dan","Claire","Claire","Claire","Gordon","Madeleine","Sarah","Vanessa","Liam","Harry","Austin","Samantha","David","Grace","Richard","Amanda","Abigail","Joe","Neil","Donna","Isaac","Joseph","Jasmine","Piers","Nathan","Hannah","Benjamin","Piers","Lucas","Joshua","Lily","Thomas","Steven","Lauren","Penelope","Benjamin","Joanne","Chloe","Carolyn","Jason","Jake","Jonathan","Tim","Sam","Sean","Carl","Sally","Anna","Benjamin","Faith","Jack","Anne","Evan","Hannah","Charles","Nicola","Caroline","Deirdre","Rebecca","William","Piers","Sam","Anne","Carolyn","Natalie","Sonia","Trevor","Madeleine","Tracey","Colin","Grace","Adam","Frank","Gavin","Luke","Victoria","Luke","Frank","Rebecca","Madeleine","Robert","Andrea","Jason","Amelia","Nicholas","Keith","Tracey","Jack","Joanne","Jennifer","Alan","Richard","Leonard","Richard","Anna","Austin","Sarah","Brian","Fiona","Blake","Michael","Samantha","Alexandra","Bernadette","Virginia","Joan","Katherine","Joseph","Melanie","Una","Alexander","Jonathan","Anne","Alison","Brandon","Kevin","Colin","Dorothy","Sarah","Sally","Christopher","Alan","Rose","Joe","Ian","Leah","Robert","Benjamin","Dylan","Victor","Lily","Jason","Andrew","Jasmine","Michelle","Christian","Alison","Victor","Natalie","Felicity","Rose","Richard","Fiona","Rebecca","Emily","Harry","Stephanie","Fiona","Liam","Amelia","Thomas","Una","Gabrielle","Blake","Sue","Michael","Grace","Alan","Connor","Oliver","Frank","Megan","Brian","Edward","Rose","Lillian","Tim","Gordon","Gabrielle","Sean","Adam","Evan","Dylan","Simon","Sue","Carolyn","Angela","Lily","Mary","Phil","Leonard","Vanessa","Jonathan","Ella","Carol","Grace","Max","Brandon","Chloe","Amelia","Jack","Vanessa","Sally","Owen","Joshua","Ryan","Sebastian","Isaac","Sophie","Andrea","Christian","Samantha","Bella","Pippa","Benjamin","Joe","Christopher","Steven","Alexander","Ryan","Diane","Paul","Nathan","Leonard","Joanne","Ella","Austin","Julian","Alexandra","Anna","Charles","Grace","Simon","Frank","Lauren","Sebastian","Joan","Anthony","Heather","Emily","Bernadette","Samantha","Penelope","Claire","Austin","Gavin","Thomas","Carolyn","Ella","Olivia","Hannah","Brandon","Brian","Leonard","Lisa","Mary","Sophie","Paul","Eric","Nicholas","Heather","Una","Amelia","Lucas","Kevin","Ruth","Samantha","Ava","Jasmine","Gordon","Ava","Tracey","Sarah","James","Christopher","Bernadette","Elizabeth","Jason","Julia","Lily","Anne","Joseph","Gavin","Lucas","Richard","Michael","Andrea","Melanie","Kevin","Karen","Anna","Tim","Elizabeth","Vanessa","Karen","Gavin","Jonathan","Brandon","Richard","Madeleine","Steven","Amy","Peter","Peter","Sonia","Sally","Sophie","Oliver","Colin","Jasmine","Julian","Emma","Maria","Audrey","Bernadette","Hannah","Nathan","Faith","Richard","Donna","Lisa","Jacob","Luke","Gabrielle","Bella","Jennifer","Edward","Carolyn","Madeleine","Colin","Nicola","Jasmine","Evan","Jonathan","Alan","John","Brian","Olivia","Sophie","Alexandra","Gordon","Maria","Rachel","Stewart","Sarah","Hannah","Abigail","Joshua","Dorothy","Tracey","Joseph","Alison","Tim","Evan","Bernadette","Andrew","Jasmine","Simon","Boris","Nicola","Stephen","Simon","Richard","Michelle","Carolyn","Alexander","Maria","Nathan","Olivia","Anthony","Jasmine","Audrey","Carolyn","Gordon","Sue","Abigail","Max","Bernadette","Boris","Brian","Adrian","Owen","Virginia","Julian","Joseph","Amy","Simon","Blake","Matt","Karen","Nicholas","Joseph","Dominic","Virginia","David","Jane","Virginia","Alexandra","Edward","Victoria","Kylie","Max","Sean","Brian","Bella","Zoe","Liam","Caroline","Anna","Diane","Olivia","Emma","Isaac","Carl","Piers","Jacob","Emma","Joe","Alexandra","Madeleine","Connor","Nicola","Rebecca","Chloe","Paul","Ella","Emma","Richard","Andrea","Rachel","Paul","Sonia","Kevin","Gabrielle","Dominic","Carol","Oliver","Sophie","Michael","Adrian","Blake","Kylie","Alexander","Bella","Stephen","Kylie","Rebecca","Diane","Emma","Irene"]}]}},"Initialize_variable_4":{"runAfter":{"Initialize_variable_3":["Succeeded"]},"metadata":{"operationMetadataId":"64b055cd-6006-409f-9de4-c3610f804656"},"type":"InitializeVariable","inputs":{"variables":[{"name":"LastNameArr","type":"array","value":["Hart","Newman","Dyer","Robertson","Mathis","Bond","Knox","Kelly","Hamilton","Piper","Baker","Duncan","Langdon","MacLeod","Randall","Young","Berry","Robertson","Underwood","Paterson","Underwood","Ogden","Abraham","Lee","Cornish","Bailey","Jones","Hamilton","Hart","Peters","Miller","Parr","Hemmings","Morrison","Churchill","Lee","Arnold","May","Murray","Jackson","Scott","Young","Buckland","Hamilton","Mills","Davies","Ince","Anderson","Vaughan","McGrath","Fisher","Fisher","Langdon","Graham","Vance","Sutherland","Mitchell","Cameron","Abraham","Kerr","James","Morrison","James","Simpson","Short","Hart","Pullman","Harris","Avery","Morgan","Reid","Ross","Cornish","Fraser","Gill","Campbell","Fraser","Short","Brown","Cameron","Greene","Slater","James","Hardacre","Simpson","MacDonald","Ferguson","Graham","King","King","Hill","Cameron","Simpson","Welch","Dowd","Davidson","Terry","Gill","Greene","Bell","Clarkson","Dowd","Powell","Ross","Manning","Wilson","Turner","Hughes","Black","Hudson","Piper","Martin","Hardacre","Berry","Pullman","Newman","Murray","Ellison","Sanderson","Walker","Scott","Carr","Harris","Rutherford","Campbell","Nash","Walsh","Hunter","Randall","Fraser","Peake","Hudson","Slater","Edmunds","Poole","Hughes","Morgan","Lee","Lewis","Randall","Parsons","Dickens","Simpson","Black","Lyman","MacLeod","MacDonald","Ferguson","Abraham","Hunter","Morrison","Skinner","Mackenzie","Hamilton","Paterson","Paige","Lee","Brown","Ferguson","Glover","Roberts","McGrath","Payne","Scott","Churchill","Lawrence","Jackson","Wilson","Anderson","North","Black","Kelly","Hill","Lawrence","Hughes","Edmunds","Alsop","MacDonald","Roberts","Poole","Clark","Ince","Newman","Mackenzie","Arnold","Carr","Morgan","Simpson","Turner","Hughes","Edmunds","Arnold","Hodges","Cornish","Russell","Hudson","Poole","Johnston","Ogden","Edmunds","Mitchell","Arnold","Paige","Hodges","Walker","Ellison","Sharp","Gill","Ince","Burgess","Russell","Hart","Mitchell","Underwood","Martin","Dowd","Reid","Turner","Poole","Johnston","Ferguson","Oliver","Ince","Fisher","Hardacre","Mackay","Underwood","Short","Fraser","Gill","Bond","Mackay","Murray","Grant","North","Kerr","Randall","Mitchell","Sutherland","Lawrence","Parr","Jones","Martin","Fisher","Anderson","Watson","Black","Mathis","King","Graham","Alsop","Underwood","Black","Peake","Nash","Mackay","Hill","Black","Smith","Duncan","Buckland","Peters","Mackenzie","Anderson","Ross","Dyer","Ogden","Mills","Baker","Springer","Gray","Churchill","McDonald","Walker","Harris","Morgan","Allan","McGrath","North","Springer","King","Paterson","Newman","Lawrence","Rutherford","Fisher","Robertson","Lewis","Parsons","Poole","North","Martin","King","Short","Abraham","Forsyth","Knox","Manning","Gill","Rutherford","Paige","Fisher","Dickens","Russell","Ince","Hughes","Rees","Hunter","Ince","Young","Hemmings","Nash","Buckland","Sharp","Clark","Black","Fraser","Manning","Watson","Ogden","Newman","Chapman","Sutherland","Reid","Brown","Smith","Paige","Paige","Welch","Vance","Burgess","Avery","King","Wilson","Parr","Springer","Mathis","Lee","Kelly","McDonald","Avery","Kelly","Fisher","Greene","Ross","James","Dickens","Parsons","Hamilton","Rees","Ferguson","Lee","May","Bond","Campbell","Sutherland","Vaughan","Allan","Mitchell","Pullman","North","Cameron","Randall","Forsyth","Edmunds","Fraser","Sanderson","Scott","Harris","Wallace","Vaughan","Blake","Reid","Buckland","Lawrence","Howard","Sharp","Clarkson","Hemmings","Forsyth","Russell","Churchill","Rampling","Kelly","Russell","Fisher","Anderson","Scott","Roberts","MacLeod","Taylor","Underwood","Springer","Stewart","Rutherford","Kelly","Stewart","Harris","Payne","Campbell","Brown","Lewis","Smith","Walker","Kelly","Fisher","Bond","Graham","May","Sharp","Cornish","Robertson","Mathis","Wallace","Mathis","Wilson","Paterson","Hodges","Cameron","McGrath","Lee","Miller","Morrison","Paterson","Wallace","Springer","Simpson","Mathis","Davies","Hunter","Kelly","Glover","Dowd","Skinner","Russell","Blake","Taylor","Bell","Dowd","Marshall","Hardacre","Blake","Hamilton","Duncan","Johnston","Harris","Quinn","Mills","Miller","Campbell","Baker","Brown","Taylor","King","Thomson","Mackenzie","Ferguson","Sharp","Lambert","Mathis","Bell","Paige","Buckland","Powell","Wright","Piper","Hemmings","MacDonald","Watson","Reid","Vance","McLean","Lewis","Paige","Harris","Marshall","Ferguson","Mathis","Jones","Quinn","Simpson","Grant","Hudson","Hughes","Simpson","Greene","Sanderson","Stewart","Bower","Langdon","Forsyth","Johnston","Hamilton","Hudson","Short","Wallace","Ross","Simpson"]}]}},"Initialize_variable_5":{"runAfter":{"Initialize_variable_4":["Succeeded"]},"metadata":{"operationMetadataId":"d5fd777e-d889-4a99-9a41-9c606827a6a4"},"type":"InitializeVariable","inputs":{"variables":[{"name":"FrequentFlyerYNArr","type":"array","value":["Yes","No"]}]}},"Initialize_variable_6":{"runAfter":{"Initialize_variable_5":["Succeeded"]},"metadata":{"operationMetadataId":"ee739856-2b97-4034-a700-047c98b5b9ad"},"type":"InitializeVariable","inputs":{"variables":[{"name":"OriginCodeArr","type":"array","value":["MUC","NUE","THF","DUS","HAJ","BRE","PEK","CAN","ZHA","ACY","BPT","NRT","ITM","SIN","AKL","CHC","BWU","MLB","LTQ","YVR","YYZ","YOW","LHR","LPL","HKG","CPH","HEL","ARN","ZRH","AMS","RTM","UTC","JFK","SFO","SEA","LAS","LAX","ATL","DET","OAK","NYG","ORD","PBG","PHX","PIT","PWM","SAN","SFZ","SJC","SMF","STL","TNT","TXK","UGN"]}]}},"Initialize_variable_7":{"runAfter":{"Initialize_variable_6":["Succeeded"]},"metadata":{"operationMetadataId":"cd8073e4-967a-49fd-9700-17a6ae5fca40"},"type":"InitializeVariable","inputs":{"variables":[{"name":"DestinationCodeArr","type":"array","value":["JFK","SFO","SEA","LAS","LAX","ATL","DET","OAK","NYG","ORD","PBG","PHX","PIT","PWM","SAN","SFZ","SJC","SMF","STL","TNT","TXK","UGN"]}]}},"Compose":{"runAfter":{"Initialize_variable_8":["Succeeded"]},"metadata":{"operationMetadataId":"9faf86a2-b1fc-4048-9826-fe2158420d8d"},"type":"Compose","inputs":{"ScanUtcTime":"@utcNow()","FlightInfo":{"FlightNumber":"@rand(100,999)","AirlineName":"@if (contains (variables('AirlineNameUSArr'), variables('DestinationCode')), variables('AirlineNameUSArr')[rand(0,length(variables('AirlineNameUSArr')))], variables('AirlineNameArr')[rand(0,length(variables('AirlineNameArr')))])","AirlineType":"@if (contains (variables('AirlineNameUSArr'), variables('DestinationCode')), 'Domestic', 'International')","AircraftName":"@variables('AircraftNameArr')[rand(0,length(variables('AircraftNameArr')))]","OriginCode":"@variables('OriginCodeArr')[rand(0,length(variables('OriginCodeArr')))]","DestinationCode":"@variables('DestinationCode')"},"BoardingPassID":"@rand(100000000, 410065407)","Name":"@concat(variables('FirstNameArr')[rand(0,length(variables('FirstNameArr')))], '.', variables('LastNameArr')[rand(0,length(variables('LastNameArr')))])","FrequentFlyerYN":"@variables('FrequentFlyerYNArr')[rand(0,length(variables('FrequentFlyerYNArr')))]"}},"Initialize_variable_8":{"runAfter":{"Initialize_variable_7":["Succeeded"]},"metadata":{"operationMetadataId":"1a0c3a97-8821-44da-9697-11e6251874fa"},"type":"InitializeVariable","inputs":{"variables":[{"name":"DestinationCode","type":"string","value":"@{variables('DestinationCodeArr')[rand(0,length(variables('DestinationCodeArr')))]}"}]}}}},"connectionReferences":{},"flowFailureAlertSubscribed":false,"isManaged":false}}